,No.overall,No. inseason,Title,Directed by,Written by,Original air date,Prod.code,U.S. viewers(millions),Season
0,1,1,"""Pilot""",James Burrows,Chuck Lorre & Bill Prady,2007-09-24,276023,9.52,1
1,2,2,"""The Big Bran Hypothesis""",Mark Cendrowski,Story by : Chuck Lorre & Bill PradyTeleplay by : Robert Cohen & Dave Goetsch,2007-10-01,3T6601,8.58,1
2,3,3,"""The Fuzzy Boots Corollary""",Mark Cendrowski,Story by : Chuck LorreTeleplay by : Bill Prady & Steven Molaro,2007-10-08,3T6602,8.36,1
3,4,4,"""The Luminous Fish Effect""",Mark Cendrowski,Story by : Chuck Lorre & Bill PradyTeleplay by : David Litt & Lee Aronsohn,2007-10-15,3T6603,8.15,1
4,5,5,"""The Hamburger Postulate""",Andrew D. Weyman,Story by : Jennifer GlickmanTeleplay by : Dave Goetsch & Steven Molaro,2007-10-22,3T6604,8.81,1
5,6,6,"""The Middle-earth Paradigm""",Mark Cendrowski,Story by : Dave GoetschTeleplay by : David Litt & Robert Cohen,2007-10-29,3T6605,8.92,1
6,7,7,"""The Dumpling Paradox""",Mark Cendrowski,Story by : Chuck Lorre & Bill PradyTeleplay by : Lee Aronsohn & Jennifer Glickman,2007-11-05,3T6606,9.68,1
7,8,8,"""The Grasshopper Experiment""",Ted Wass,Story by : Dave Goetsch & Steven MolaroTeleplay by : Lee Aronsohn & Robert Cohen,2007-11-12,3T6607,9.32,1
8,9,9,"""The Cooper-Hofstadter Polarization""",Joel Murray,Story by : Bill Prady & Stephen EngelTeleplay by : Chuck Lorre & Lee Aronsohn & Dave Goetsch,2008-03-17,3T6608,9.11,1
9,10,10,"""The Loobenfeld Decay""",Mark Cendrowski,Story by : Chuck LorreTeleplay by : Bill Prady & Lee Aronsohn,2008-03-24,3T6609,8.63,1
10,11,11,"""The Pancake Batter Anomaly""",Mark Cendrowski,Story by : Chuck Lorre & Lee AronsohnTeleplay by : Bill Prady & Stephen Engel,2008-03-31,3T6610,8.68,1
11,12,12,"""The Jerusalem Duality""",Mark Cendrowski,Story by : Jennifer Glickman & Stephen EngelTeleplay by : Dave Goetsch & Steven Molaro,2008-04-14,3T6611,7.69,1
12,13,13,"""The Bat Jar Conjecture""",Mark Cendrowski,Story by : Stephen Engel & Jennifer GlickmanTeleplay by : Bill Prady & Robert Cohen,2008-04-21,3T6612,7.51,1
13,14,14,"""The Nerdvana Annihilation""",Mark Cendrowski,Story by : Bill PradyTeleplay by : Stephen Engel & Steven Molaro,2008-04-28,3T6613,8.07,1
14,15,15,"""The Shiksa Indeterminacy""[28]""The Pork Chop Indeterminacy""[29]",Mark Cendrowski,Story by : Chuck LorreTeleplay by : Lee Aronsohn & Bill Prady,2008-05-05,3T6614,7.38,1
15,16,16,"""The Peanut Reaction""",Mark Cendrowski,Story by : Bill Prady & Lee AronsohnTeleplay by : Dave Goetsch & Steven Molaro,2008-05-12,3T6615,7.79,1
16,17,17,"""The Tangerine Factor""",Mark Cendrowski,Story by : Chuck Lorre & Bill PradyTeleplay by : Lee Aronsohn & Steven Molaro,2008-05-19,3T6616,7.34,1
17,18,1,"""The Bad Fish Paradigm""",Mark Cendrowski,Story by : Bill PradyTeleplay by : Dave Goetsch & Steven Molaro,2008-09-22,3T7351,9.36,2
18,19,2,"""The Codpiece Topology""",Mark Cendrowski,Story by : Chuck LorreTeleplay by : Bill Prady & Lee Aronsohn,2008-09-29,3T7352,8.76,2
19,20,3,"""The Barbarian Sublimation""",Mark Cendrowski,Story by : Nicole LorreTeleplay by : Steven Molaro & Eric Kaplan,2008-10-06,3T7353,9.33,2
20,21,4,"""The Griffin Equivalency""",Mark Cendrowski,Story by : Bill Prady & Chuck LorreTeleplay by : Stephen Engel & Tim Doyle,2008-10-13,3T7354,9.36,2
21,22,5,"""The Euclid Alternative""",Mark Cendrowski,Story by : Bill Prady & Steven MolaroTeleplay by : Lee Aronsohn & Dave Goetsch,2008-10-20,3T7355,9.28,2
22,23,6,"""The Cooper–Nowitzki Theorem""",Mark Cendrowski,Story by : Stephen Engel & Daley HaggarTeleplay by : Tim Doyle & Richard Rosenstock,2008-11-03,3T7356,9.67,2
23,24,7,"""The Panty Piñata Polarization""",Mark Cendrowski,Story by : Bill Prady & Tim DoyleTeleplay by : Jennifer Glickman & Steven Molaro,2008-11-10,3T7357,10.0,2
24,25,8,"""The Lizard–Spock Expansion""",Mark Cendrowski,Story by : Bill PradyTeleplay by : Dave Goetsch & Jennifer Glickman,2008-11-17,3T7358,9.76,2
25,26,9,"""The White Asparagus Triangulation""",Mark Cendrowski,Story by : Dave Goetsch & Steven MolaroTeleplay by : Stephen Engel & Richard Rosenstock,2008-11-24,3T7359,10.1,2
26,27,10,"""The Vartabedian Conundrum""",Mark Cendrowski,Story by : Chuck Lorre & Steven MolaroTeleplay by : Bill Prady & Richard Rosenstock,2008-12-08,3T7360,10.8,2
27,28,11,"""The Bath Item Gift Hypothesis""",Mark Cendrowski,Story by : Bill Prady & Richard RosenstockTeleplay by : Stephen Engel & Eric Kaplan,2008-12-15,3T7361,11.4,2
28,29,12,"""The Killer Robot Instability""",Mark Cendrowski,Story by : Bill Prady & Richard RosenstockTeleplay by : Steven Molaro & Daley Haggar,2009-01-12,3T7362,11.8,2
29,30,13,"""The Friendship Algorithm""",Mark Cendrowski,Story by : Bill Prady & Richard RosenstockTeleplay by : Chuck Lorre & Steven Molaro,2009-01-19,3T7363,11.1,2
30,31,14,"""The Financial Permeability""",Mark Cendrowski,Story by : Chuck Lorre & Steven MolaroTeleplay by : Richard Rosenstock & Eric Kaplan,2009-02-02,3T7364,10.8,2
31,32,15,"""The Maternal Capacitance""",Mark Cendrowski,Story by : Chuck Lorre & Bill PradyTeleplay by : Richard Rosenstock & Steven Molaro,2009-02-09,3T7365,13.1,2
32,33,16,"""The Cushion Saturation""",Mark Cendrowski,Story by : Chuck LorreTeleplay by : Bill Prady & Lee Aronsohn,2009-03-02,3T7366,10.9,2
33,34,17,"""The Terminator Decoupling""",Mark Cendrowski,Story by : Bill Prady & Dave GoetschTeleplay by : Tim Doyle & Stephen Engel,2009-03-09,3T7367,9.46,2
34,35,18,"""The Work Song Nanocluster""",Peter Chakos,Story by : Bill Prady & Lee AronsohnTeleplay by : Dave Goetsch & Richard Rosenstock,2009-03-16,3T7368,9.76,2
35,36,19,"""The Dead Hooker Juxtaposition""",Mark Cendrowski,Steven Molaro,2009-03-30,3T7369,9.77,2
36,37,20,"""The Hofstadter Isotope""",Mark Cendrowski,Dave Goetsch,2009-04-13,3T7370,10.1,2
37,38,21,"""The Vegas Renormalization""",Mark Cendrowski,Story by : Jessica Ambrosetti & Nicole Lorre & Andrew RothTeleplay by : Steven Molaro,2009-04-27,3T7371,9.31,2
38,39,22,"""The Classified Materials Turbulence""",Mark Cendrowski,Story by : Chuck Lorre & Lee AronsohnTeleplay by : Bill Prady & Steven Molaro,2009-05-04,3T7373,9.25,2
39,40,23,"""The Monopolar Expedition""",Mark Cendrowski,Eric Kaplan & Richard Rosenstock,2009-05-11,3T7372,9.81,2
40,41,1,"""The Electric Can Opener Fluctuation""",Mark Cendrowski,Steven Molaro,2009-09-21,3X5551,12.9,3
41,42,2,"""The Jiminy Conjecture""",Mark Cendrowski,Jim Reynolds,2009-09-28,3X5552,13.2,3
42,43,3,"""The Gothowitz Deviation""",Mark Cendrowski,Story by : Lee Aronsohn & Richard RosenstockTeleplay by : Bill Prady & Maria Ferrari,2009-10-05,3X5553,12.5,3
43,44,4,"""The Pirate Solution""",Mark Cendrowski,Steve Holland,2009-10-12,3X5554,13.0,3
44,45,5,"""The Creepy Candy Coating Corollary""",Mark Cendrowski,Story by : Chuck Lorre & Bill PradyTeleplay by : Lee Aronsohn & Steven Molaro,2009-10-19,3X5556,13.4,3
45,46,6,"""The Cornhusker Vortex""",Mark Cendrowski,Story by : Bill Prady & Steven MolaroTeleplay by : Dave Goetsch & Richard Rosenstock,2009-11-02,3X5555,12.7,3
46,47,7,"""The Guitarist Amplification""",Mark Cendrowski,Story by : Chuck Lorre & Lee AronsohnTeleplay by : Bill Prady & Richard Rosenstock & Jim Reynolds,2009-11-09,3X5557,12.7,3
47,48,8,"""The Adhesive Duck Deficiency""",Mark Cendrowski,Story by : Chuck Lorre & Bill Prady & Dave GoetschTeleplay by : Steven Molaro & Eric Kaplan & Maria Ferrari,2009-11-16,3X5558,13.2,3
48,49,9,"""The Vengeance Formulation""",Mark Cendrowski,Story by : Chuck Lorre & Maria FerrariTeleplay by : Richard Rosenstock & Jim Reynolds & Steve Holland,2009-11-23,3X5559,14.1,3
49,50,10,"""The Gorilla Experiment""",Mark Cendrowski,Story by : Chuck Lorre & Richard Rosenstock & Steve HollandTeleplay by : Bill Prady & Steven Molaro & Maria Ferrari,2009-12-07,3X5560,14.3,3
50,51,11,"""The Maternal Congruence""",Mark Cendrowski,Story by : Lee Aronsohn & Steven Molaro & Richard Rosenstock & Maria FerrariTeleplay by : Chuck Lorre & Bill Prady & Dave Goetsch,2009-12-14,3X5562,15.5,3
51,52,12,"""The Psychic Vortex""",Mark Cendrowski,Story by : Lee Aronsohn & Steven MolaroTeleplay by : Chuck Lorre & Eric Kaplan & Jim Reynolds,2010-01-11,3X5561,15.8,3
52,53,13,"""The Bozeman Reaction""",Mark Cendrowski,Story by : Bill Prady & Lee Aronsohn & Jim ReynoldsTeleplay by : Chuck Lorre & Steven Molaro & Steve Holland,2010-01-18,3X5563,14.9,3
53,54,14,"""The Einstein Approximation""",Mark Cendrowski,Story by : Lee Aronsohn & Dave Goetsch & Steve HollandTeleplay by : Chuck Lorre & Steven Molaro & Eric Kaplan,2010-02-01,3X5565,15.5,3
54,55,15,"""The Large Hadron Collision""",Mark Cendrowski,Story by : Chuck Lorre & Steven Molaro & Jim ReynoldsTeleplay by : Lee Aronsohn & Richard Rosenstock & Maria Ferrari,2010-02-08,3X5564,16.2,3
55,56,16,"""The Excelsior Acquisition""",Peter Chakos,Story by : Chuck Lorre & Lee Aronsohn & Steven MolaroTeleplay by : Bill Prady & Steve Holland & Maria Ferrari,2010-03-01,3X5566,15.7,3
56,57,17,"""The Precious Fragmentation""",Mark Cendrowski,Story by : Lee Aronsohn & Eric Kaplan & Maria FerrariTeleplay by : Bill Prady & Steven Molaro & Richard Rosenstock,2010-03-08,3X5567,16.3,3
57,58,18,"""The Pants Alternative""",Mark Cendrowski,Story by : Chuck Lorre & Bill Prady & Steve HollandTeleplay by : Eric Kaplan & Richard Rosenstock & Jim Reynolds,2010-03-22,3X5568,13.4,3
58,59,19,"""The Wheaton Recurrence""",Mark Cendrowski,Story by : Chuck Lorre & Steven Molaro & Nicole Lorre & Jessica AmbrosettiTeleplay by : Bill Prady & Dave Goetsch & Jim Reynolds & Maria Ferrari,2010-04-12,3X5569,13.3,3
59,60,20,"""The Spaghetti Catalyst""",Anthony Rich,Chuck Lorre & Bill Prady & Lee Aronsohn & Steven Molaro,2010-05-03,3X5570,11.6,3
60,61,21,"""The Plimpton Stimulation""",Mark Cendrowski,Story by : Chuck Lorre & Bill Prady & Lee AronsohnTeleplay by : Steven Molaro & Jim Reynolds & Maria Ferrari,2010-05-10,3X5571,13.7,3
61,62,22,"""The Staircase Implementation""",Mark Cendrowski,Story by : Lee Aronsohn & Steven Molaro & Steve HollandTeleplay by : Chuck Lorre & Dave Goetsch & Maria Ferrari,2010-05-17,3X5572,15.0,3
62,63,23,"""The Lunar Excitation""",Peter Chakos,Story by : Chuck Lorre & Bill Prady & Maria FerrariTeleplay by : Lee Aronsohn & Steven Molaro & Steve Holland,2010-05-24,3X5573,14.7,3
63,64,1,"""The Robotic Manipulation""",Mark Cendrowski,Story by : Chuck Lorre & Lee Aronsohn & Dave GoetschTeleplay by : Steven Molaro & Eric Kaplan & Steve Holland,2010-09-23,3X6651,14.0,4
64,65,2,"""The Cruciferous Vegetable Amplification""",Mark Cendrowski,Story by : Bill Prady & Lee Aronsohn & Steve HollandTeleplay by : Chuck Lorre & Steven Molaro & Jim Reynolds,2010-09-30,3X6652,13.0,4
65,66,3,"""The Zazzy Substitution""",Mark Cendrowski,Story by : Chuck Lorre & Bill Prady & Jim ReynoldsTeleplay by : Lee Aronsohn & Steven Molaro & Maria Ferrari,2010-10-07,3X6653,12.5,4
66,67,4,"""The Hot Troll Deviation""",Mark Cendrowski,Story by : Chuck Lorre & Steven Molaro & Adam FabermanTeleplay by : Bill Prady & Lee Aronsohn & Maria Ferrari,2010-10-14,3X6654,12.5,4
67,68,5,"""The Desperation Emanation""",Mark Cendrowski,Story by : Bill Prady & Lee Aronsohn & Dave GoetschTeleplay by : Chuck Lorre & Steven Molaro & Steve Holland,2010-10-21,3X6655,13.0,4
68,69,6,"""The Irish Pub Formulation""",Mark Cendrowski,Story by : Chuck Lorre & Lee Aronsohn & Steven MolaroTeleplay by : Bill Prady & Eric Kaplan & Maria Ferrari,2010-10-28,3X6656,13.0,4
69,70,7,"""The Apology Insufficiency""",Mark Cendrowski,Story by : Chuck Lorre & Lee Aronsohn & Maria FerrariTeleplay by : Bill Prady & Steven Molaro & Steve Holland,2010-11-04,3X6657,14.0,4
70,71,8,"""The 21-Second Excitation""",Mark Cendrowski,Story by : Chuck Lorre & Bill Prady & Jim ReynoldsTeleplay by : Lee Aronsohn & Steven Molaro & Steve Holland,2010-11-11,3X6658,13.1,4
71,72,9,"""The Boyfriend Complexity""",Mark Cendrowski,Story by : Chuck Lorre & Lee Aronsohn & Jim ReynoldsTeleplay by : Bill Prady & Steven Molaro & Dave Goetsch,2010-11-18,3X6659,13.0,4
72,73,10,"""The Alien Parasite Hypothesis""",Mark Cendrowski,Story by : Chuck Lorre & Steven Molaro & Steve HollandTeleplay by : Lee Aronsohn & Jim Reynolds & Maria Ferrari,2010-12-09,3X6660,12.0,4
73,74,11,"""The Justice League Recombination""",Mark Cendrowski,Story by : Chuck Lorre & Lee Aronsohn & Maria FerrariTeleplay by : Bill Prady & Steven Molaro & Steve Holland,2010-12-16,3X6661,13.2,4
74,75,12,"""The Bus Pants Utilization""",Mark Cendrowski,Story by : Chuck Lorre & Lee Aronsohn & Maria FerrariTeleplay by : Bill Prady & Steven Molaro & Eric Kaplan,2011-01-06,3X6662,13.9,4
75,76,13,"""The Love Car Displacement""",Anthony Rich,Story by : Chuck Lorre & Bill Prady & Dave GoetschTeleplay by : Lee Aronsohn & Steven Molaro & Steve Holland,2011-01-20,3X6663,13.6,4
76,77,14,"""The Thespian Catalyst""",Mark Cendrowski,Story by : Chuck Lorre & Lee Aronsohn & Jim ReynoldsTeleplay by : Bill Prady & Steven Molaro & Maria Ferrari,2011-02-03,3X6664,13.8,4
77,78,15,"""The Benefactor Factor""",Mark Cendrowski,Story by : Bill Prady & Lee Aronsohn & Dave GoetschTeleplay by : Chuck Lorre & Eric Kaplan & Steve Holland,2011-02-10,3X6665,12.7,4
78,79,16,"""The Cohabitation Formulation""",Mark Cendrowski,Story by : Chuck Lorre & Lee Aronsohn & Dave GoetschTeleplay by : Bill Prady & Steven Molaro & Jim Reynolds,2011-02-17,3X6666,12.4,4
79,80,17,"""The Toast Derivation""",Mark Cendrowski,Story by : Bill Prady & Dave Goetsch & Maria FerrariTeleplay by : Chuck Lorre & Steven Molaro & Jim Reynolds,2011-02-24,3X6667,12.3,4
80,81,18,"""The Prestidigitation Approximation""",Mark Cendrowski,Story by : Bill Prady & Steve Holland & Eddie GorodetskyTeleplay by : Chuck Lorre & Steven Molaro & Eric Kaplan,2011-03-10,3X6668,12.0,4
81,82,19,"""The Zarnecki Incursion""",Peter Chakos,Story by : Chuck Lorre & Steven Molaro & Maria FerrariTeleplay by : Bill Prady & Dave Goetsch & Jim Reynolds,2011-03-31,3X6669,11.9,4
82,83,20,"""The Herb Garden Germination""",Mark Cendrowski,Story by : Chuck Lorre & Eric Kaplan & Eddie GorodetskyTeleplay by : Bill Prady & Steven Molaro & Steve Holland,2011-04-07,3X6670,11.4,4
83,84,21,"""The Agreement Dissection""",Mark Cendrowski,Story by : Bill Prady & Dave Goetsch & Eddie GorodetskyTeleplay by : Chuck Lorre & Steven Molaro & Eric Kaplan,2011-04-28,3X6671,10.7,4
84,85,22,"""The Wildebeest Implementation""",Mark Cendrowski,Story by : Chuck Lorre & Steven Molaro & Eric KaplanTeleplay by : Bill Prady & Eddie Gorodetsky & Maria Ferrari,2011-05-05,3X6672,10.5,4
85,86,23,"""The Engagement Reaction""",Howard Murray,Story by : Bill Prady & Eric Kaplan & Jim ReynoldsTeleplay by : Chuck Lorre & Steven Molaro & Steve Holland,2011-05-12,3X6673,10.7,4
86,87,24,"""The Roommate Transmogrification""",Mark Cendrowski,Story by : Chuck Lorre & Steven Molaro & Eddie GorodetskyTeleplay by : Bill Prady & Eric Kaplan & Jim Reynolds,2011-05-19,3X6674,11.3,4
87,88,1,"""The Skank Reflex Analysis""",Mark Cendrowski,Story by : Eric Kaplan & Maria Ferrari & Anthony Del BroccoloTeleplay by : Chuck Lorre & Bill Prady & Steven Molaro,2011-09-22,3X6851,14.3,5
88,89,2,"""The Infestation Hypothesis""",Mark Cendrowski,Story by : Bill Prady & Steven Molaro & Maria FerrariTeleplay by : Chuck Lorre & Jim Reynolds & Steve Holland,2011-09-22,3X6852,14.9,5
89,90,3,"""The Pulled Groin Extrapolation""",Mark Cendrowski,Story by : Chuck Lorre & Eric Kaplan & Jim ReynoldsTeleplay by : Bill Prady & Steven Molaro & Dave Goetsch,2011-09-29,3X6853,14.7,5
90,91,4,"""The Wiggly Finger Catalyst""",Mark Cendrowski,Story by : Chuck Lorre & Dave Goetsch & Anthony Del BroccoloTeleplay by : Bill Prady & Steven Molaro & Steve Holland,2011-10-06,3X6854,13.9,5
91,92,5,"""The Russian Rocket Reaction""",Mark Cendrowski,Story by : Bill Prady & Steven Molaro & Jim ReynoldsTeleplay by : Chuck Lorre & Eric Kaplan & Maria Ferrari,2011-10-13,3X6855,13.5,5
92,93,6,"""The Rhinitis Revelation""",Howard Murray,Story by : Chuck Lorre & Eric Kaplan & Steve HollandTeleplay by : Bill Prady & Steven Molaro & Jim Reynolds,2011-10-20,3X6857,14.9,5
93,94,7,"""The Good Guy Fluctuation""",Mark Cendrowski,Story by : Chuck Lorre & Dave Goetsch & Maria FerrariTeleplay by : Bill Prady & Steven Molaro & Steve Holland,2011-10-27,3X6856,14.5,5
94,95,8,"""The Isolation Permutation""",Mark Cendrowski,Story by : Chuck Lorre & Eric Kaplan & Tara HernandezTeleplay by : Bill Prady & Steven Molaro & Steve Holland,2011-11-03,3X6858,15.9,5
95,96,9,"""The Ornithophobia Diffusion""",Mark Cendrowski,Story by : Chuck Lorre & Dave Goetsch & Anthony Del BroccoloTeleplay by : Bill Prady & Steven Molaro & Eric Kaplan,2011-11-10,3X6859,15.8,5
96,97,10,"""The Flaming Spittoon Acquisition""",Mark Cendrowski,Story by : Chuck Lorre & Steven Molaro & Dave GoetschTeleplay by : Bill Prady & Jim Reynolds & Steve Holland,2011-11-17,3X6860,15.0,5
97,98,11,"""The Speckerman Recurrence""",Anthony Rich,Story by : Chuck Lorre & Bill Prady & Steve HollandTeleplay by : Steven Molaro & Eric Kaplan & Anthony Del Broccolo,2011-12-08,3X6861,14.0,5
98,99,12,"""The Shiny Trinket Maneuver""",Mark Cendrowski,Story by : Chuck Lorre & Steve Holland & Tara HernandezTeleplay by : Bill Prady & Steven Molaro & Jim Reynolds,2012-01-12,3X6862,16.1,5
99,100,13,"""The Recombination Hypothesis""",Mark Cendrowski,Story by : Chuck LorreTeleplay by : Bill Prady & Steven Molaro,2012-01-19,3X6863,15.8,5
100,101,14,"""The Beta Test Initiation""",Mark Cendrowski,Story by : Chuck Lorre & Steven Molaro & Eric KaplanTeleplay by : Bill Prady & Dave Goetsch & Maria Ferrari,2012-01-26,3X6864,16.1,5
101,102,15,"""The Friendship Contraction""",Mark Cendrowski,Story by : Chuck Lorre & Eric Kaplan & Jim ReynoldsTeleplay by : Bill Prady & Steven Molaro & Steve Holland,2012-02-02,3X6865,16.5,5
102,103,16,"""The Vacation Solution""",Mark Cendrowski,Story by : Chuck Lorre & Anthony Del Broccolo & Tara HernandezTeleplay by : Bill Prady & Steven Molaro & Maria Ferrari,2012-02-09,3X6866,16.2,5
103,104,17,"""The Rothman Disintegration""",Mark Cendrowski,Story by : Chuck Lorre & Bill Prady & Steve HollandTeleplay by : Steven Molaro & Eric Kaplan & Jim Reynolds,2012-02-16,3X6867,15.6,5
104,105,18,"""The Werewolf Transformation""",Mark Cendrowski,Story by : Chuck Lorre & Todd Craig & Gary TorvinenTeleplay by : Bill Prady & Steven Molaro & Jim Reynolds & Maria Ferrari,2012-02-23,3X6868,16.2,5
105,106,19,"""The Weekend Vortex""",Mark Cendrowski,Story by : Chuck Lorre & Bill Prady & Tara HernandezTeleplay by : Steven Molaro & Eric Kaplan & Steve Holland,2012-03-08,3X6869,15.0,5
106,107,20,"""The Transporter Malfunction""",Mark Cendrowski,Story by : Chuck Lorre & Bill Prady & Maria FerrariTeleplay by : Steven Molaro & Jim Reynolds & Steve Holland,2012-03-29,3X6870,13.9,5
107,108,21,"""The Hawking Excitation""",Mark Cendrowski,Story by : Bill Prady & Steven Molaro & Steve HollandTeleplay by : Chuck Lorre & Eric Kaplan & Maria Ferrari,2012-04-05,3X6871,13.2,5
108,109,22,"""The Stag Convergence""",Peter Chakos,Story by : Billy Prady & Steve Holland & Eric KaplanTeleplay by : Chuck Lorre & Steven Molaro & Jim Reynolds,2012-04-26,3X6872,12.6,5
109,110,23,"""The Launch Acceleration""",Mark Cendrowski,Story by : Chuck Lorre & Steven Molaro & Jim ReynoldsTeleplay by : Bill Prady & Steve Holland & Maria Ferrari,2012-05-03,3X6873,13.9,5
110,111,24,"""The Countdown Reflection""",Mark Cendrowski,Story by : Bill Prady & Eric Kaplan & Steve HollandTeleplay by : Chuck Lorre & Steven Molaro & Jim Reynolds,2012-05-10,3X6874,13.7,5
111,112,1,"""The Date Night Variable""",Mark Cendrowski,Story by : Chuck Lorre & Eric Kaplan & Steve HollandTeleplay by : Steven Molaro & Jim Reynolds & Maria Ferrari,2012-09-27,3X7601,15.6,6
112,113,2,"""The Decoupling Fluctuation""",Mark Cendrowski,Story by : Chuck Lorre & Jim Reynolds & Maria FerrariTeleplay by : Steven Molaro & Eric Kaplan & Steve Holland,2012-10-04,3X7602,15.1,6
113,114,3,"""The Higgs Boson Observation""",Mark Cendrowski,Story by : Steven Molaro & Dave Goetsch & Steve HollandTeleplay by : Chuck Lorre & Jim Reynolds & Maria Ferrari,2012-10-11,3X7603,14.2,6
114,115,4,"""The Re-Entry Minimization""",Mark Cendrowski,Story by : Bill Prady & Jim Reynolds & Anthony Del BroccoloTeleplay by : Chuck Lorre & Steven Molaro & Eric Kaplan,2012-10-18,3X7604,15.7,6
115,116,5,"""The Holographic Excitation""",Mark Cendrowski,Story by : Chuck Lorre & Eric Kaplan & Jeremy HoweTeleplay by : Steven Molaro & Steve Holland & Maria Ferrari,2012-10-25,3X7605,15.8,6
116,117,6,"""The Extract Obliteration""",Mark Cendrowski,Story by : Chuck Lorre & Bill Prady & Steve HollandTeleplay by : Steven Molaro & Jim Reynolds & Eric Kaplan,2012-11-01,3X7606,15.9,6
117,118,7,"""The Habitation Configuration""",Mark Cendrowski,Story by : Chuck Lorre & Eric Kaplan & Jim ReynoldsTeleplay by : Steven Molaro & Steve Holland & Maria Ferrari,2012-11-08,3X7607,16.6,6
118,119,8,"""The 43 Peculiarity""",Mark Cendrowski,Story by : Chuck Lorre & Dave Goetsch & Anthony Del BroccoloTeleplay by : Steven Molaro & Jim Reynolds & Steve Holland,2012-11-15,3X7608,17.6,6
119,120,9,"""The Parking Spot Escalation""",Peter Chakos,Story by : Chuck Lorre & Eric Kaplan & Adam FabermanTeleplay by : Steven Molaro & Steve Holland & Maria Ferrari,2012-11-29,3X7609,17.2,6
120,121,10,"""The Fish Guts Displacement""",Mark Cendrowski,Story by : Chuck Lorre & Bill Prady & Tara HernandezTeleplay by : Steven Molaro & Eric Kaplan & Jim Reynolds,2012-12-06,3X7610,16.9,6
121,122,11,"""The Santa Simulation""",Mark Cendrowski,Story by : Chuck Lorre & Eric Kaplan & Steve HollandTeleplay by : Steven Molaro & Jim Reynolds & Maria Ferrari,2012-12-13,3X7611,16.7,6
122,123,12,"""The Egg Salad Equivalency""",Mark Cendrowski,Story by : Chuck Lorre & Eric Kaplan & Jim ReynoldsTeleplay by : Steven Molaro & Bill Prady & Steve Holland,2013-01-03,3X7612,19.2,6
123,124,13,"""The Bakersfield Expedition""",Mark Cendrowski,Story by : Chuck Lorre & Jim Reynolds & Steve HollandTeleplay by : Steven Molaro & Eric Kaplan & Maria Ferrari,2013-01-10,3X7613,20.0,6
124,125,14,"""The Cooper/Kripke Inversion""",Mark Cendrowski,Story by : Chuck Lorre & Eric Kaplan & Anthony Del BroccoloTeleplay by : Steven Molaro & Jim Reynolds & Steve Holland,2013-01-31,3X7614,17.7,6
125,126,15,"""The Spoiler Alert Segmentation""",Mark Cendrowski,Story by : Chuck Lorre & Eric Kaplan & Steve HollandTeleplay by : Steven Molaro & Maria Ferrari & Adam Faberman,2013-02-07,3X7615,18.9,6
126,127,16,"""The Tangible Affection Proof""",Mark Cendrowski,Story by : Chuck Lorre & Bill Prady & Steve HollandTeleplay by : Steven Molaro & Jim Reynolds & Tara Hernandez,2013-02-14,3X7616,17.8,6
127,128,17,"""The Monster Isolation""",Mark Cendrowski,Story by : Chuck Lorre & Dave Goetsch & Maria FerrariTeleplay by : Steven Molaro & Eric Kaplan & Steve Holland,2013-02-21,3X7617,17.6,6
128,129,18,"""The Contractual Obligation Implementation""",Mark Cendrowski,Story by : Chuck Lorre & Eric Kaplan & Steve HollandTeleplay by : Steven Molaro & Jim Reynolds & Maria Ferrari,2013-03-07,3X7618,17.6,6
129,130,19,"""The Closet Reconfiguration""",Anthony Rich,Story by : Chuck Lorre & Jim Reynolds & Maria FerrariTeleplay by : Steven Molaro & Steve Holland & Eric Kaplan,2013-03-14,3X7619,15.9,6
130,131,20,"""The Tenure Turbulence""",Mark Cendrowski,Story by : Steven Molaro & Eric Kaplan & Maria FerrariTeleplay by : Chuck Lorre & Steve Holland & Jim Reynolds,2013-04-04,3X7620,17.2,6
131,132,21,"""The Closure Alternative""",Mark Cendrowski,Story by : Chuck Lorre & Bill Prady & Tara HernandezTeleplay by : Steven Molaro & Jim Reynolds & Steve Holland,2013-04-25,3X7621,15.0,6
132,133,22,"""The Proton Resurgence""",Mark Cendrowski,Story by : Chuck Lorre & Jim Reynolds & Steve HollandTeleplay by : Steven Molaro & Eric Kaplan & Maria Ferrari,2013-05-02,3X7622,16.2,6
133,134,23,"""The Love Spell Potential""",Anthony Rich,Story by : Chuck Lorre & Jim Reynolds & Maria FerrariTeleplay by : Steven Molaro & Eric Kaplan & Steve Holland,2013-05-09,3X7623,16.3,6
134,135,24,"""The Bon Voyage Reaction""",Mark Cendrowski,Story by : Steven Molaro & Steve Holland & Tara HernandezTeleplay by : Chuck Lorre & Jim Reynolds & Maria Ferrari,2013-05-16,3X7624,15.4,6
135,136,1,"""The Hofstadter Insufficiency""",Mark Cendrowski,Story by : Chuck Lorre & Steven Molaro & Tara HernandezTeleplay by : Eric Kaplan & Jim Reynolds & Steve Holland,2013-09-26,4X5301,18.9,7
136,137,2,"""The Deception Verification""",Mark Cendrowski,Story by : Chuck Lorre & Eric Kaplan & Jim ReynoldsTeleplay by : Steven Molaro & Steve Holland & Maria Ferrari,2013-09-26,4X5302,20.4,7
137,138,3,"""The Scavenger Vortex""",Mark Cendrowski,Story by : Dave Goetsch & Eric Kaplan & Steve HollandTeleplay by : Steven Molaro & Jim Reynolds & Maria Ferrari,2013-10-03,4X5303,18.2,7
138,139,4,"""The Raiders Minimization""",Mark Cendrowski,Story by : Chuck Lorre & Jim Reynolds & Tara HernandezTeleplay by : Steven Molaro & Steve Holland & Maria Ferrari,2013-10-10,4X5304,17.6,7
139,140,5,"""The Workplace Proximity""",Mark Cendrowski,Story by : Steven Molaro & Steve Holland & Maria FerrariTeleplay by : Chuck Lorre & Eric Kaplan & Jim Reynolds,2013-10-17,4X5305,17.8,7
140,141,6,"""The Romance Resonance""",Mark Cendrowski,Story by : Eric Kaplan & Jim Reynolds & Tara HernandezTeleplay by : Steven Molaro & Steve Holland & Maria Ferrari,2013-10-24,4X5306,16.9,7
141,142,7,"""The Proton Displacement""",Mark Cendrowski,Story by : Chuck Lorre & Maria Ferrari & Anthony Del BroccoloTeleplay by : Steven Molaro & Eric Kaplan & Jim Reynolds,2013-11-07,4X5307,16.8,7
142,143,8,"""The Itchy Brain Simulation""",Mark Cendrowski,Story by : Steven Molaro & Bill Prady & Jim ReynoldsTeleplay by : Eric Kaplan & Steve Holland & Maria Ferrari,2013-11-14,4X5308,18.3,7
143,144,9,"""The Thanksgiving Decoupling""",Mark Cendrowski,Story by : Eric Kaplan & Steve Holland & Maria FerrariTeleplay by : Steven Molaro & Jim Reynolds & Jeremy Howe,2013-11-21,4X5309,18.9,7
144,145,10,"""The Discovery Dissipation""",Mark Cendrowski,Story by : Eric Kaplan & Jim Reynolds & Maria FerrariTeleplay by : Steven Molaro & Steve Holland & Adam Faberman,2013-12-05,4X5310,15.6,7
145,146,11,"""The Cooper Extraction""",Mark Cendrowski,Story by : Steven Molaro & Eric Kaplan & Maria FerrariTeleplay by : Jim Reynolds & Steve Holland & Tara Hernandez,2013-12-12,4X5311,17.6,7
146,147,12,"""The Hesitation Ramification""",Mark Cendrowski,Story by : Dave Goetsch & Jim Reynolds & Tara HernandezTeleplay by : Steven Molaro & Steve Holland & Maria Ferrari,2014-01-02,4X5312,19.2,7
147,148,13,"""The Occupation Recalibration""",Mark Cendrowski,Story by : Eric Kaplan & Maria Ferrari & Tara HernandezTeleplay by : Steven Molaro & Jim Reynolds & Steve Holland,2014-01-09,4X5313,20.3,7
148,149,14,"""The Convention Conundrum""",Mark Cendrowski,Story by : Eric Kaplan & Jim Reynolds & Adam FabermanTeleplay by : Steven Molaro & Dave Goetsch & Steve Holland,2014-01-30,4X5315,19.0,7
149,150,15,"""The Locomotive Manipulation""",Mark Cendrowski,Story by : Jim Reynolds & Steve Holland & Tara HernandezTeleplay by : Steven Molaro & Eric Kaplan & Maria Ferrari,2014-02-06,4X5314,17.5,7
150,151,16,"""The Table Polarization""",Gay Linvill,Story by : Steven Molaro & Maria Ferrari & Tara HernandezTeleplay by : Chuck Lorre & Jim Reynolds & Steve Holland,2014-02-27,4x5316,17.7,7
151,152,17,"""The Friendship Turbulence""",Mark Cendrowski,Story by : Steven Molaro & Eric Kaplan & Tara HernandezTeleplay by : Jim Reynolds & Steve Holland & Maria Ferrari,2014-03-06,4X5318,18.0,7
152,153,18,"""The Mommy Observation""",Mark Cendrowski,Story by : Jim Reynolds & Steve Holland & Maria FerrariTeleplay by : Steven Molaro & Eric Kaplan & Anthony Del Broccolo,2014-03-13,4x5319,17.3,7
153,154,19,"""The Indecision Amalgamation""",Anthony Rich,Story by : Bill Prady & Eric Kaplan & Jim ReynoldsTeleplay by : Steven Molaro & Dave Goetsch & Steve Holland,2014-04-03,4x5320,17.7,7
154,155,20,"""The Relationship Diremption""",Mark Cendrowski,Story by : Steven Molaro & Bill Prady & Jim ReynoldsTeleplay by : Chuck Lorre & Eric Kaplan & Steve Holland,2014-04-10,4X5321,16.4,7
155,156,21,"""The Anything Can Happen Recurrence""",Mark Cendrowski,Story by : Steven Molaro & Eric Kaplan & Adam FabermanTeleplay by : Jim Reynolds & Steve Holland & Tara Hernandez,2014-04-24,4x5322,16.4,7
156,157,22,"""The Proton Transmogrification""",Mark Cendrowski,Story by : Jim Reynolds & Maria Ferrari & Jeremy HoweTeleplay by : Steven Molaro & Eric Kaplan & Steve Holland,2014-05-01,4X5317[170],16.0,7
157,158,23,"""The Gorilla Dissolution""",Peter Chakos,Story by : Chuck Lorre & Jim Reynolds & Jeremy HoweTeleplay by : Steven Molaro & Steve Holland & Eric Kaplan,2014-05-08,4x5323,14.4,7
158,159,24,"""The Status Quo Combustion""",Mark Cendrowski,Story by : Eric Kaplan & Jim Reynolds & Jeremy HoweTeleplay by : Steven Molaro & Steve Holland & Tara Hernandez,2014-05-15,4X5324,16.7,7
159,160,1,"""The Locomotion Interruption""",Mark Cendrowski,Story by : Jim Reynolds & Maria Ferrari & Tara HernandezTeleplay by : Steven Molaro & Steve Holland & Eric Kaplan,2014-09-22,4X6751,18.0,8
160,161,2,"""The Junior Professor Solution""",Mark Cendrowski,Story by : Steven Molaro & Eric Kaplan & Steve HollandTeleplay by : Jim Reynolds & Maria Ferrari & Tara Hernandez,2014-09-22,4X6752,18.3,8
161,162,3,"""The First Pitch Insufficiency""",Mark Cendrowski,Story by : Chuck Lorre & Jim Reynolds & Anthony Del BroccoloTeleplay by : Steven Molaro & Steve Holland & Maria Ferrari,2014-09-29,4X6753,18.4,8
162,163,4,"""The Hook-Up Reverberation""",Mark Cendrowski,Story by : Steve Holland & Maria Ferrari & Tara HernandezTeleplay by : Steven Molaro & Eric Kaplan & Jim Reynolds,2014-10-06,4X6754,17.9,8
163,164,5,"""The Focus Attenuation""",Mark Cendrowski,Story by : Jim Reynolds & Maria Ferrari & Adam FabermanTeleplay by : Steven Molaro & Eric Kaplan & Steve Holland,2014-10-13,4X6755,17.6,8
164,165,6,"""The Expedition Approximation""",Mark Cendrowski,Story by : Steven Molaro & Dave Goetsch & Tara HernandezTeleplay by : Jim Reynolds & Steve Holland & Maria Ferrari,2014-10-20,4X6756,18.0,8
165,166,7,"""The Misinterpretation Agitation""",Mark Cendrowski,Story by : Chuck Lorre & Eric Kaplan & Jim ReynoldsTeleplay by : Steven Molaro & Steve Holland & Maria Ferrari,2014-10-30,4X6758,18.2,8
166,167,8,"""The Prom Equivalency""",Mark Cendrowski,Story by : Jim Reynolds & Steve Holland & Jeremy HoweTeleplay by : Steven Molaro & Eric Kaplan & Maria Ferrari,2014-11-06,4X6757,18.5,8
167,168,9,"""The Septum Deviation""",Anthony Rich,Story by : Steven Molaro & Bill Prady & Maria FerrariTeleplay by : Eric Kaplan & Steve Holland & Tara Hernandez,2014-11-13,4X6759,16.9,8
168,169,10,"""The Champagne Reflection""",Mark Cendrowski,Story by : Steven Molaro & Tara Hernandez & David Saltzberg & Ph.DTeleplay by : Jim Reynolds & Steve Holland & Dave Goetsch,2014-11-20,4X6760,16.6,8
169,170,11,"""The Clean Room Infiltration""",Mark Cendrowski,Story by : Maria Ferrari & Tara Hernandez & Jeremy HoweTeleplay by : Eric Kaplan & Jim Reynolds & Steve Holland,2014-12-11,4X6761,18.4,8
170,171,12,"""The Space Probe Disintegration""",Mark Cendrowski,Story by : Bill Prady & Eric Kaplan & Jim ReynoldsTeleplay by : Steven Molaro & Steve Holland & Maria Ferrari,2015-01-08,4X6762,18.1,8
171,172,13,"""The Anxiety Optimization""",Mark Cendrowski,Story by : Eric Kaplan & Maria Ferrari & Adam FabermanTeleplay by : Jim Reynolds & Steve Holland & Tara Hernandez,2015-01-29,4X6763,17.2,8
172,173,14,"""The Troll Manifestation""",Mark Cendrowski,Story by : Steven Molaro & Eric Kaplan & Tara HernandezTeleplay by : Jim Reynolds & Steve Holland & Maria Ferrari,2015-02-05,4X6765,17.0,8
173,174,15,"""The Comic Book Store Regeneration""",Mark Cendrowski,Story by : Jim Reynolds & Maria Ferrari & Jeremy HoweTeleplay by : Steven Molaro & Eric Kaplan & Steve Holland,2015-02-19,4X6764,17.4,8
174,175,16,"""The Intimacy Acceleration""",Mark Cendrowski,Story by : Dave Goetsch & Eric Kaplan & Tara HernandezTeleplay by : Steven Molaro & Jim Reynolds & Steve Holland,2015-02-26,4X6766,16.6,8
175,176,17,"""The Colonization Application""",Mark Cendrowski,Story by : Dave Goetsch & Jim Reynolds & Tara HernandezTeleplay by : Steven Molaro & Eric Kaplan & Maria Ferrari,2015-03-05,4X6767,18.1,8
176,177,18,"""The Leftover Thermalization""",Mark Cendrowski,Story by : Steven Molaro & Maria Ferrari & Jeremy HoweTeleplay by : Eric Kaplan & Jim Reynolds & Steve Holland,2015-03-12,4X6768,18.1,8
177,178,19,"""The Skywalker Incursion""",Mark Cendrowski,Story by : Jim Reynolds & Tara Hernandez & Jeremy HoweTeleplay by : Steven Molaro & Steve Holland & Maria Ferrari,2015-04-02,4X6769,16.8,8
178,179,20,"""The Fortification Implementation""",Mark Cendrowski,Story by : Jim Reynolds & Saladin Patterson & Tara HernandezTeleplay by : Steven Molaro & Steve Holland & Maria Ferrari,2015-04-09,4X6770,16.7,8
179,180,21,"""The Communication Deterioration""",Mark Cendrowski,Story by : Dave Goetsch & Steve Holland & Jeremy HoweTeleplay by : Steven Molaro & Eric Kaplan & Jim Reynolds,2015-04-16,4X6771,16.0,8
180,181,22,"""The Graduation Transmission""",Anthony Rich,Story by : Chuck Lorre & Dave Goetsch & Anthony Del BroccoloTeleplay by : Steven Molaro & Steve Holland & Eric Kaplan,2015-04-23,4X6772,16.6,8
181,182,23,"""The Maternal Combustion""",Anthony Rich,Story by : Steven Molaro & Tara Hernandez & Jeremy HoweTeleplay by : Chuck Lorre & Jim Reynolds & Maria Ferrari,2015-04-30,4X6773,15.8,8
182,183,24,"""The Commitment Determination""",Mark Cendrowski,Story by : Chuck Lorre & Jim Reynolds & Maria FerrariTeleplay by : Steven Molaro & Steve Holland & Eric Kaplan,2015-05-07,4X6774,17.6,8
183,184,1,"""The Matrimonial Momentum""",Mark Cendrowski,Story by : Chuck Lorre & Jim Reynolds & Maria FerrariTeleplay by : Steven Molaro & Steve Holland & Eric Kaplan,2015-09-21,4X7201,18.2,9
184,185,2,"""The Separation Oscillation""",Mark Cendrowski,Story by : Steven Molaro & Steve Holland & Tara HernandezTeleplay by : Chuck Lorre & Jim Reynolds & Maria Ferrari,2015-09-28,4X7202,17.2,9
185,186,3,"""The Bachelor Party Corrosion""",Mark Cendrowski,Story by : Dave Goetsch & Jim Reynolds & Jeremy HoweTeleplay by : Steven Molaro & Steve Holland & Eric Kaplan,2015-10-05,4X7203,17.4,9
186,187,4,"""The 2003 Approximation""",Mark Cendrowski,Story by : Chuck Lorre & Steve Holland & Eric KaplanTeleplay by : Steven Molaro & Maria Ferrari & Tara Hernandez,2015-10-12,4X7204,16.9,9
187,188,5,"""The Perspiration Implementation""",Mark Cendrowski,Story by : Chuck Lorre & Eric Kaplan & Maria FerrariTeleplay by : Steven Molaro & Jim Reynolds & Saladin K. Patterson,2015-10-19,4X7205,17.6,9
188,189,6,"""The Helium Insufficiency""",Mark Cendrowski,Story by : Steve Holland & Maria Ferrari & Anthony Del BroccoloTeleplay by : Steven Molaro & Eric Kaplan & Jim Reynolds,2015-10-26,4X7207,18.3,9
189,190,7,"""The Spock Resonance""",Nikki Lorre,Story by : Chuck Lorre & Jim Reynolds & Tara HernandezTeleplay by : Steven Molaro & Steve Holland & Jeremy Howe,2015-11-05,4X7206,18.8,9
190,191,8,"""The Mystery Date Observation""",Mark Cendrowski,Story by : Steven Molaro & Eric Kaplan & Jim ReynoldsTeleplay by : Chuck Lorre & Steve Holland & Tara Hernandez,2015-11-12,4X7208,17.9,9
191,192,9,"""The Platonic Permutation""",Mark Cendrowski,Story by : Jim Reynolds & Jeremy Howe & Tara HernandezTeleplay by : Steve Holland & Maria Ferrari & Adam Faberman,2015-11-19,4X7209,18.1,9
192,193,10,"""The Earworm Reverberation""",Mark Cendrowski,Story by : Eric Kaplan & Jim Reynolds & Saladin K. PattersonTeleplay by : Steven Molaro & Steve Holland & Jeremy Howe,2015-12-10,4X7210,19.2,9
193,194,11,"""The Opening Night Excitation""",Mark Cendrowski,Story by : Steven Molaro & Eric Kaplan & Tara HernandezTeleplay by : Steve Holland & Jim Reynolds & Maria Ferrari,2015-12-17,4X7211,18.2,9
194,195,12,"""The Sales Call Sublimation""",Mark Cendrowski,Story by : Steve Holland & Jim Reynolds & Saladin K. PattersonTeleplay by : Steven Molaro & Maria Ferrari & Anthony Del Broccolo,2016-01-07,4X7212,17.8,9
195,196,13,"""The Empathy Optimization""",Mark Cendrowski,Story by : Chuck Lorre & Eric Kaplan & Dave GoetschTeleplay by : Steven Molaro & Steve Holland & Saladin K. Patterson,2016-01-14,4X7213,16.7,9
196,197,14,"""The Meemaw Materialization""",Mark Cendrowski,Story by : Chuck Lorre & Jim Reynolds & Maria FerrariTeleplay by : Steven Molaro & Steve Holland & Tara Hernandez,2016-02-04,4X7214,17.2,9
197,198,15,"""The Valentino Submergence""",Mark Cendrowski,Story by : Steven Molaro & Jim Reynolds & Tara HernandezTeleplay by : Steve Holland & Eric Kaplan & Jeremy Howe,2016-02-11,4X7215,18.2,9
198,199,16,"""The Positive Negative Reaction""",Mark Cendrowski,Story by : Eric Kaplan & Jim Reynolds & Saladin K. PattersonTeleplay by : Steven Molaro & Steve Holland & Maria Ferrari,2016-02-18,4X7216,19.0,9
199,200,17,"""The Celebration Experimentation""",Mark Cendrowski,Story by : Chuck Lorre & Eric Kaplan & Jeremy HoweTeleplay by : Steven Molaro & Steve Holland & Tara Hernandez,2016-02-25,4X7217,18.9,9
200,201,18,"""The Application Deterioration""",Mark Cendrowski,Story by : Steven Molaro & Eric Kaplan & Adam FabermanTeleplay by : Steve Holland & Jim Reynolds & Maria Ferrari,2016-03-10,4X7218,18.6,9
201,202,19,"""The Solder Excursion Diversion""",Mark Cendrowski,Story by : Bill Prady & Eric Kaplan & Maria FerrariTeleplay by : Steven Molaro & Steve Holland & Saladin K. Patterson,2016-03-31,4X7219,17.2,9
202,203,20,"""The Big Bear Precipitation""",Mark Cendrowski,Story by : Chuck Lorre & Dave Goetsch & Tara HernandezTeleplay by : Steven Molaro & Steve Holland & Jim Reynolds,2016-04-07,4X7220,17.5,9
203,204,21,"""The Viewing Party Combustion""",Mark Cendrowski,Story by : Eric Kaplan & Maria Ferrari & Jeremy HoweTeleplay by : Steven Molaro & Steve Holland & Tara Hernandez,2016-04-21,4X7221,17.1,9
204,205,22,"""The Fermentation Bifurcation""",Nikki Lorre,Story by : Steven Molaro & Jim Reynolds & Anthony Del BroccoloTeleplay by : Chuck Lorre & Steve Holland & Tara Hernandez,2016-04-28,4X7222,16.1,9
205,206,23,"""The Line Substitution Solution""",Anthony Rich,Story by : Steve Holland & Saladin K. Patterson & Tara HernandezTeleplay by : Steven Molaro & Eric Kaplan & Maria Ferrari,2016-05-05,4X7223,15.2,9
206,207,24,"""The Convergence Convergence""",Mark Cendrowski,Story by : Steven Molaro & Tara Hernandez & Adam FabermanTeleplay by : Chuck Lorre & Steve Holland & Jeremy Howe,2016-05-12,4X7224,16.7,9
207,208,1,"""The Conjugal Conjecture""",Mark Cendrowski,Story by : Chuck Lorre & Steve Holland & Tara HernandezTeleplay by : Steven Molaro & Eric Kaplan & Jim Reynolds,2016-09-19,T12.15303,18.8,10
208,209,2,"""The Military Miniaturization""",Mark Cendrowski,Story by : Chuck Lorre & Eric Kaplan & Jim ReynoldsTeleplay by : Steven Molaro & Steve Holland & Maria Ferrari,2016-09-26,T12.15301,17.2,10
209,210,3,"""The Dependence Transcendence""",Mark Cendrowski,Story by : Steven Molaro & Saladin K. Patterson & Tara HernandezTeleplay by : Steve Holland & Maria Ferrari & Jeremy Howe,2016-10-03,T12.15302,17.3,10
210,211,4,"""The Cohabitation Experimentation""",Mark Cendrowski,Story by : Chuck Lorre & Dave Goetsch & Maria FerrariTeleplay by : Steven Molaro & Steve Holland & Tara Hernandez,2016-10-10,T12.15304,16.4,10
211,212,5,"""The Hot Tub Contamination""",Mark Cendrowski,Story by : Chuck Lorre & Maria Ferrari & Tara HernandezTeleplay by : Steve Holland & Eric Kaplan & Jim Reynolds,2016-10-17,T12.15305,18.2,10
212,213,6,"""The Fetal Kick Catalyst""",Mark Cendrowski,Story by : Steve Holland & Tara Hernandez & Jeremy HoweTeleplay by : Steven Molaro & Saladin K. Patterson & Anthony Del Broccolo,2016-10-27,T12.15306,17.3,10
213,214,7,"""The Veracity Elasticity""",Mark Cendrowski,Story by : Steven Molaro & Eric Kaplan & Maria FerrariTeleplay by : Steve Holland & Jim Reynolds & Adam Faberman,2016-11-03,T12.15307,18.1,10
214,215,8,"""The Brain Bowl Incubation""",Mark Cendrowski,Story by : Chuck Lorre & Steve Holland & Saladin K. PattersonTeleplay by : Steven Molaro & Maria Ferrari & Tara Hernandez,2016-11-10,T12.15308,17.4,10
215,216,9,"""The Geology Elevation""",Mark Cendrowski,Story by : Chuck Lorre & Erik Kaplan & Maria FerrariTeleplay by : Steve Holland & Jim Reynolds & Jeremy Howe,2016-11-17,T12.15309,16.3,10
216,217,10,"""The Property Division Collision""",Mark Cendrowski,Story by : Steve Holland & Bill Prady & Steve GoetschTeleplay by : Steven Molaro & Maria Ferrari & Tara Hernandez,2016-12-01,T12.15310,16.5,10
217,218,11,"""The Birthday Synchronicity""",Nikki Lorre,Story by : Chuck Lorre & Steve Holland & Maria FerrariTeleplay by : Steven Molaro & Eric Kaplan & Tara Hernandez,2016-12-15,T12.15311,16.9,10
218,219,12,"""The Holiday Summation""",Mark Cendrowski,Story by : Steven Molaro & Eric Kaplan & Tara HernandezTeleplay by : Steve Holland & Maria Ferrari & Jeremy Howe,2017-01-05,T12.15312,17.0,10
219,220,13,"""The Romance Recalibration""",Mark Cendrowski,Story by : Chuck Lorre & Dave Goetsch & Anthony Del BroccoloTeleplay by : Steven Molaro & Steve Holland & Saladin K. Patterson,2017-01-19,T12.15313,17.1,10
220,221,14,"""The Emotion Detection Automation""",Mark Cendrowski,Story by : Chuck Lorre & Steven Molaro & Eric KaplanTeleplay by : Steve Holland & Jim Reynolds & Saladin K. Patterson,2017-02-02,T12.15314,16.6,10
221,222,15,"""The Locomotion Reverberation""",Mark Cendrowski,Story by : Chuck Lorre & Steve Holland & Jim ReynoldsTeleplay by : Steven Molaro & Maria Ferrari & Tara Hernandez,2017-02-09,T12.15315,16.1,10
222,223,16,"""The Allowance Evaporation""",Mark Cendrowski,Story by : Eric Kaplan & Maria Ferrari & Jeremy HoweTeleplay by : Steven Molaro & Steve Holland & Jim Reynolds,2017-02-16,T12.15316,15.5,10
223,224,17,"""The Comic-Con Conundrum""",Mark Cendrowski,Story by : Eric Kaplan & Saladin K. Patterson & Tara HernandezTeleplay by : Steven Molaro & Steve Holland & Maria Ferrari,2017-02-23,T12.15317,16.3,10
224,225,18,"""The Escape Hatch Identification""",Mark Cendrowski,Story by : Steven Molaro & Eric Kaplan & Anthony Del BroccoloTeleplay by : Steve Holland & Jim Reynolds & Tara Hernandez,2017-03-09,T12.15318,17.0,10
225,226,19,"""The Collaboration Fluctuation""",Mark Cendrowski,Story by : Chuck Lorre & Tara Hernandez & Giuseppe GrazianoTeleplay by : Steven Molaro & Steve Holland & Dave Goetsch,2017-03-30,T12.15319,15.7,10
226,227,20,"""The Recollection Dissipation""",Mark Cendrowski,Story by : Eric Kaplan & Tara Hernandez & Jeremy HoweTeleplay by : Steven Molaro & Steve Holland & Maria Ferrari,2017-04-06,T12.15320,15.5,10
227,228,21,"""The Separation Agitation""",Mark Cendrowski,Story by : Steven Molaro & Jim Reynolds & Maria FerrariTeleplay by : Steve Holland & Tara Hernandez & Jeremy Howe,2017-04-13,T12.15321,16.0,10
228,229,22,"""The Cognition Regeneration""",Mark Cendrowski,Story by : Steve Holland & Tara Hernandez & Jeremy HoweTeleplay by : Dave Goetsch & Eric Kaplan & Jim Reynolds,2017-04-27,T12.15322,14.5,10
229,230,23,"""The Gyroscopic Collapse""",Anthony Rich,Story by : Chuck Lorre & Steve Holland & Alex AyersTeleplay by : Steven Molaro & Jim Reynolds & Saladin K. Patterson,2017-05-04,T12.15323,15.3,10
230,231,24,"""The Long Distance Dissonance""",Mark Cendrowski,Story by : Steven Molaro & Eric Kaplan & Jim ReynoldsTeleplay by : Chuck Lorre & Steve Holland & Tara Hernandez,2017-05-11,T12.15324,15.9,10
231,232,1,"""The Proposal Proposal""",Mark Cendrowski,Story by : Chuck Lorre & Eric Kaplan & Jeremy HoweTeleplay by : Steve Holland & Maria Ferrari & Tara Hernandez,2017-09-25,T12.15601,17.6,11
232,233,2,"""The Retraction Reaction""",Mark Cendrowski,Story by : Steven Molaro & Steve Holland & Maria FerrariTeleplay by : Dave Goetsch & Eric Kaplan & Anthony Del Broccolo,2017-10-02,T12.15602,14.0,11
233,234,3,"""The Relaxation Integration""",Mark Cendrowski,Story by : Chuck Lorre & Steve Holland & Adam FabermanTeleplay by : Maria Ferrari & Andy Gordon & Tara Hernandez,2017-10-09,T12.15603,13.1,11
234,235,4,"""The Explosion Implosion""",Mark Cendrowski,Story by : Bill Prady & Maria Ferrari & Tara HernandezTeleplay by : Steve Holland & Eric Kaplan & Jeremy Howe,2017-10-16,T12.15604,13.0,11
235,236,5,"""The Collaboration Contamination""",Nikki Lorre,Story by : Steven Molaro & Steve Holland & Eric KaplanTeleplay by : Dave Goetsch & Maria Ferrari & Jeremy Howe,2017-10-23,T12.15605,13.2,11
236,237,6,"""The Proton Regeneration""",Mark Cendrowski,"Story by : Steven Molaro, Dave Goetsch, Alex YonksTeleplay by : Dave Steve Holland, Andy Gordon, Jeremy Howe",2017-11-02,T12.15606,14.1,11
237,238,7,"""The Geology Methodology""",Mark Cendrowski,Story by : Steve Holland & Anthony Del Broccolo & Adam FabermanTeleplay by : Eric Kaplan & Maria Ferrari & Tara Hernandez,2017-11-09,T12.15607,13.8,11
238,239,8,"""The Tesla Recoil""",Anthony Rich,Story by : Chuck Lorre & Eric Kaplan & Tara HernandezTeleplay by : Steve Holland & Maria Ferrari & Jeremy Howe,2017-11-16,T12.15608,13.4,11
239,240,9,"""The Bitcoin Entanglement""",Mark Cendrowski,Story by : Steve Holland & Andy Gordon & Jeremy HoweTeleplay by : Dave Goetsch & Maria Ferrari & Anthony Del Broccolo,2017-11-30,T12.15609,13.8,11
240,241,10,"""The Confidence Erosion""",Mark Cendrowski,Story by : Bill Prady & Maria Ferrari & Adam FabermanTeleplay by : Steve Holland & Eric Kaplan & Tara Hernandez,2017-12-07,T12.15610,14.4,11
241,242,11,"""The Celebration Reverberation""",Mark Cendrowski,Story by : Steve Holland & Eric Kaplan & Alex AyersTeleplay by : Dave Goetsch & Maria Ferrari & Jeremy Howe,2017-12-14,T12.15611,13.7,11
242,243,12,"""The Matrimonial Metric""",Mark Cendrowski,Story by : Maria Ferrari & Tara Hernandez & Jeremy HoweTeleplay by : Steve Holland & Eric Kaplan & Andy Gordon,2018-01-04,T12.15612,16.1,11
243,244,13,"""The Solo Oscillation""",Mark Cendrowski,Story by : Chuck Lorre & Steve Holland & Anthony Del BroccoloTeleplay by : Eric Kaplan & Maria Ferrari & Jeremy Howe,2018-01-11,T12.15613,15.9,11
244,245,14,"""The Separation Triangulation""",Mark Cendrowski,Story by : Chuck Lorre & Eric Kaplan & Maria FerrariTeleplay by : Steven Molaro & Steve Holland & Tara Hernandez,2018-01-18,T12.15614,14.9,11
245,246,15,"""The Novelization Correlation""",Mark Cendrowski,Story by : Steve Holland & Andy Gordon & Adam FabermanTeleplay by : Eric Kaplan & Maria Ferrari & Jeremy Howe,2018-02-01,T12.15615,14.6,11
246,247,16,"""The Neonatal Nomenclature""",Gay Linvill,Story by : Eric Kaplan & Maria Ferrari & Anthony Del BroccoloTeleplay by : Steve Holland & Tara Hernandez & Adam Faberman,2018-03-01,T12.15616,13.7,11
247,248,17,"""The Athenaeum Allocation""",Mark Cendrowski,Story by : Steve Holland & Steven Molaro & Tara HernandezTeleplay by : Dave Goetsch & Eric Kaplan & Maria Ferrari,2018-03-08,T12.15617,13.8,11
248,249,18,"""The Gates Excitation""",Mark Cendrowski,Story by : Eric Kaplan & Maria Ferrari & Andy GordonTeleplay by : Steve Holland & Tara Hernadnez & Jeremy Howe,2018-03-29,T12.15618,13.2,11
249,250,19,"""The Tenant Disassociation""",Mark Cendrowski,Story by : Steve Holland & Jeremy Howe & Trevor AlperTeleplay by : Dave Goetsch & Eric Kaplan & Maria Ferrari,2018-04-05,T12.15619,13.0,11
250,251,20,"""The Reclusive Potential""",Mark Cendrowski,Story by : Maria Ferrari & Anthony Del Broccolo & Tara HernandezTeleplay by : Steve Holland & Eric Kaplan & Adam Faberman,2018-04-12,T12.15620,12.7,11
251,252,21,"""The Comet Polarization""",Mark Cendrowski,Story by : Steve Holland & Bill Prady & Eric KaplanTeleplay by : Maria Ferrari & Andy Gordon & Tara Hernandez,2018-04-19,T12.15621,12.9,11
252,253,22,"""The Monetary Insufficiency""",Nikki Lorre,Story by : Dave Goetsch & Maria Ferrari & Tara HernandezTeleplay by : Steve Holland & Eric Kaplan & Jeremy Howe,2018-04-26,T12.15622,11.7,11
253,254,23,"""The Sibling Realignment""",Mark Cendrowski,Story by : Steve Holland & Eric Kaplan & Anthony Del BroccoloTeleplay by : Dave Goetsch & Maria Ferrari & Jeremy Howe,2018-05-03,T12.15623,12.9,11
254,255,24,"""The Bow Tie Asymmetry""",Mark Cendrowski,Story by : Chuck Lorre & Steven Molaro & Maria FerrariTeleplay by : Steve Holland & Eric Kaplan & Tara Hernandez,2018-05-10,T12.15624,15.5,11
255,256,1,"""The Conjugal Configuration""",Mark Cendrowski,Story by : Chuck Lorre & Eric Kaplan & Tara HernandezTeleplay by : Steve Holland & Maria Ferrari & Jeremy Howe,2018-09-24,T12.16001,12.9,12
256,257,2,"""The Wedding Gift Wormhole""",Mark Cendrowski,Story by : Steve Holland & Steven Molaro & Maria FerrariTeleplay by : Dave Goetsch & Eric Kaplan & Andy Gordon,2018-09-27,T12.16002,12.0,12
257,258,3,"""The Procreation Calculation""",Mark Cendrowski,Story by : Chuck Lorre & Tara Hernandez & Adam FabermanTeleplay by : Steve Holland & Maria Ferrari & Anthony Del Broccolo,2018-10-04,T12.16003,12.2,12
258,259,4,"""The Tam Turbulence""",Mark Cendrowski,Story by : Steve Holland & Steven Molaro & Maria FerrariTeleplay by : Dave Goetsch & Eric Kaplan & Jeremy Howe,2018-10-11,T12.16004,12.9,12
259,260,5,"""The Planetarium Collision""",Mark Cendrowski,Story by : Eric Kaplan & Andy Gordon & Alex AyersTeleplay by : Steve Holland & Maria Ferrari & Tara Hernandez,2018-10-18,T12.16005,12.2,12
260,261,6,"""The Imitation Perturbation""",Mark Cendrowski,Story by : Steve Holland & Maria Ferrari & Tara HernandezTeleplay by : Eric Kaplan & Jeremy Howe & Adam Faberman,2018-10-25,T12.16006,12.9,12
261,262,7,"""The Grant Allocation Derivation""",Mark Cendrowski,Story by : Eric Kaplan & Anthony Del Broccolo & Alex YonksTeleplay by : Steve Holland & Dave Goetsch & Maria Ferrari,2018-11-01,T12.16007,12.6,12
262,263,8,"""The Consummation Deviation""",Mark Cendrowski,Story by : Chuck Lorre & Steve Holland & Maria FerrariTeleplay by : Eric Kaplan & Andy Gordon & Adam Faberman,2018-11-08,T12.16008,12.8,12
263,264,9,"""The Citation Negation""",Kristy Cecil,Story by : Eric Kaplan & Tara Hernandez & Jeremy HoweTeleplay by : Steve Holland & Dave Goetsch & Maria Ferrari,2018-11-15,T12.16009,12.5,12
264,265,10,"""The VCR Illumination""",Mark Cendrowski,Story by : Steve Holland & Steven Molaro & Bill PradyTeleplay by : Maria Ferrari & Andy Gordon & Jeremy Howe,2018-12-06,T12.16010,12.5,12
265,266,11,"""The Paintball Scattering""",Mark Cendrowski,Story by : Maria Ferrari & Tara Hernandez & Adam FabermanTeleplay by : Steve Holland & Eric Kaplan & Anthony Del Broccolo,2019-01-03,T12.16011,12.8,12
266,267,12,"""The Propagation Proposition""",Mark Cendrowski,Story by : Chuck Lorre & Steve Holland & Jeremy HoweTeleplay by : Maria Ferrari & Dave Goetsch & Eric Kaplan,2019-01-10,T12.16012,13.5,12
267,268,13,"""The Confirmation Polarization""",Mark Cendrowski,Story by : Eric Kaplan & Andy Gordon & Anthony Del BroccoloTeleplay by : Steve Holland & Maria Ferrari & Tara Hernandez,2019-01-17,T12.16013,13.3,12
268,269,14,"""The Meteorite Manifestation""",Mark Cendrowski,Story by : Chuck Lorre & Steve Holland & Maria FerrariTeleplay by : Eric Kaplan & Tara Hernandez & Jeremy Howe,2019-01-31,T12.16014,13.6,12
269,270,15,"""The Donation Oscillation""",Mark Cendrowski,Story by : Bill Prady & Jeremy Howe & Adam FabermanTeleplay by : Steve Holland & Dave Goetsch & Maria Ferrari,2019-02-07,T12.16015,13.9,12
270,271,16,"""The D&D Vortex""",Mark Cendrowski,Story by : Steve Holland & Maria Ferrari & Anthony Del BroccoloTeleplay by : Eric Kaplan & Andy Gordon & Tara Hernandez,2019-02-21,T12.16016,13.4,12
271,272,17,"""The Conference Valuation""",Mark Cendrowski,Story by : Chuck Lorre & Steven Molaro & Eric KaplanTeleplay by : Steve Holland & Maria Ferrari & Jeremy Howe,2019-03-07,T12.16017,12.9,12
272,273,18,"""The Laureate Accumulation""",Mark Cendrowski,Story by : Steve Holland & Adam Faberman & David SaltzbergTeleplay by : Dave Goetsch & Eric Kaplan & Maria Ferrari,2019-04-04,T12.16018,12.2,12
273,274,19,"""The Inspiration Deprivation""",Mark Cendrowski,Story by : Eric Kaplan & Maria Ferrari & Andy GordonTeleplay by : Steve Holland & Anthony Del Broccolo & Tara Hernandez,2019-04-18,T12.16019,11.4,12
274,275,20,"""The Decision Reverberation""",Mark Cendrowski,Story by : Steven Molaro & Steve Holland & Tara HernandezTeleplay by : Eric Kaplan & Maria Ferrari & Jermey Howe,2019-04-25,T12.16020,11.8,12
275,276,21,"""The Plagiarism Schism""",Nikki Lorre,Story by : Eric Kaplan & Maria Ferrari & Adam FabermanTeleplay by : Steve Holland & Dave Goetsch & Tara Hernandez,2019-05-02,T12.16021,12.4,12
276,277,22,"""The Maternal Conclusion""",Kristy Cecil,Story by : Steve Holland & Eric Kaplan & Jeremy HoweTeleplay by : Maria Ferrari & Andy Gordon & Anthony Del Broccolo,2019-05-09,T12.16022,12.5,12
277,278,23,"""The Change Constant""",Mark Cendrowski,Chuck Lorre & Steve Holland & Steven Molaro & Bill Prady & Dave Goetsch & Eric Kaplan & Maria Ferrari & Andy Gordon & Anthony Del Broccolo & Tara Hernandez & Jeremy Howe & Adam Faberman,2019-05-16,T12.16023,18.5,12
278,279,24,"""The Stockholm Syndrome""",Mark Cendrowski,Chuck Lorre & Steve Holland & Steven Molaro & Bill Prady & Dave Goetsch & Eric Kaplan & Maria Ferrari & Andy Gordon & Anthony Del Broccolo & Tara Hernandez & Jeremy Howe & Adam Faberman,2019-05-16,T12.16024,18.5,12
